{
    "package": {
        "name": "LSL",
        "repo": "labstreaminglayer",
        "subject": "tstenner",
        "desc": "Travis CI build",
        "website_url": "https://github.com/sccn/labstreaminglayer",
        "issue_tracker_url": "https://github.com/sccn/labstreaminglayer/issues",
        "vcs_url": "https://github.com/sccn/labstreaminglayer.git",
        "github_use_tag_release_notes": true,
        "licenses": ["MIT"],
        "public_download_numbers": false,
        "public_stats": false
    },

    "version": {
        "name": "1.4.0",
        "desc": "This is a version",
        "released": "2017-09-14",
        "vcs_tag": "",
        "gpgSign": false
    },
    "files":
        [
        {"includePattern": "build/lsl_Release/Release.7z"}
        ],
    "publish": true
}
